asset_id,type,source,generator,rights,provenance,review_status,complete_generated_registry
audio/metalmania.wav,licensed-stereo-music,src/tools/assets/audio/Metalmania-original.mp3 -> Metalmania-source.wav,src/tools/java/game/wreckriff/tools/GenerateAudio.java,Kevin MacLeod; CC-BY-4.0; retain credit/license/modification notice,Creator ISRC USUAN1700023; real recording edited to 179.2 s; source/output SHA256 in audio/music-source.json and audio/music-provenance.json,NEEDS_CREATIVE_REVIEW,build/reports/assets/asset-register.csv (packaged as reports/asset-register.csv)
audio/engine-idle.wav,mono-sfx,build/generated-resources/audio/engine-idle.wav,src/tools/java/game/wreckriff/tools/GenerateAudio.java,Original project asset; no distribution license assigned,Original synthesis seed 0x5249464657415645; no external samples; exact PCM SHA256 in audio/audio-metrics.csv,NEEDS_CREATIVE_REVIEW,build/reports/assets/asset-register.csv (packaged as reports/asset-register.csv)
audio/engine-drive.wav,mono-sfx,build/generated-resources/audio/engine-drive.wav,src/tools/java/game/wreckriff/tools/GenerateAudio.java,Original project asset; no distribution license assigned,Original synthesis seed 0x5249464657415645; no external samples; exact PCM SHA256 in audio/audio-metrics.csv,NEEDS_CREATIVE_REVIEW,build/reports/assets/asset-register.csv (packaged as reports/asset-register.csv)
audio/turbo-loop.wav,mono-sfx,build/generated-resources/audio/turbo-loop.wav,src/tools/java/game/wreckriff/tools/GenerateAudio.java,Original project asset; no distribution license assigned,Original synthesis seed 0x5249464657415645; no external samples; exact PCM SHA256 in audio/audio-metrics.csv,NEEDS_CREATIVE_REVIEW,build/reports/assets/asset-register.csv (packaged as reports/asset-register.csv)
audio/tyre-slip.wav,mono-sfx,build/generated-resources/audio/tyre-slip.wav,src/tools/java/game/wreckriff/tools/GenerateAudio.java,Original project asset; no distribution license assigned,Original synthesis seed 0x5249464657415645; no external samples; exact PCM SHA256 in audio/audio-metrics.csv,NEEDS_CREATIVE_REVIEW,build/reports/assets/asset-register.csv (packaged as reports/asset-register.csv)
audio/machine-gun.wav,mono-sfx,build/generated-resources/audio/machine-gun.wav,src/tools/java/game/wreckriff/tools/GenerateAudio.java,Original project asset; no distribution license assigned,Original synthesis seed 0x5249464657415645; no external samples; exact PCM SHA256 in audio/audio-metrics.csv,NEEDS_CREATIVE_REVIEW,build/reports/assets/asset-register.csv (packaged as reports/asset-register.csv)
audio/homing-launch.wav,mono-sfx,build/generated-resources/audio/homing-launch.wav,src/tools/java/game/wreckriff/tools/GenerateAudio.java,Original project asset; no distribution license assigned,Original synthesis seed 0x5249464657415645; no external samples; exact PCM SHA256 in audio/audio-metrics.csv,NEEDS_CREATIVE_REVIEW,build/reports/assets/asset-register.csv (packaged as reports/asset-register.csv)
audio/power-launch.wav,mono-sfx,build/generated-resources/audio/power-launch.wav,src/tools/java/game/wreckriff/tools/GenerateAudio.java,Original project asset; no distribution license assigned,Original synthesis seed 0x5249464657415645; no external samples; exact PCM SHA256 in audio/audio-metrics.csv,NEEDS_CREATIVE_REVIEW,build/reports/assets/asset-register.csv (packaged as reports/asset-register.csv)
audio/pulse.wav,mono-sfx,build/generated-resources/audio/pulse.wav,src/tools/java/game/wreckriff/tools/GenerateAudio.java,Original project asset; no distribution license assigned,Original synthesis seed 0x5249464657415645; no external samples; exact PCM SHA256 in audio/audio-metrics.csv,NEEDS_CREATIVE_REVIEW,build/reports/assets/asset-register.csv (packaged as reports/asset-register.csv)
audio/empty.wav,mono-sfx,build/generated-resources/audio/empty.wav,src/tools/java/game/wreckriff/tools/GenerateAudio.java,Original project asset; no distribution license assigned,Original synthesis seed 0x5249464657415645; no external samples; exact PCM SHA256 in audio/audio-metrics.csv,NEEDS_CREATIVE_REVIEW,build/reports/assets/asset-register.csv (packaged as reports/asset-register.csv)
audio/metal-hit.wav,mono-sfx,build/generated-resources/audio/metal-hit.wav,src/tools/java/game/wreckriff/tools/GenerateAudio.java,Original project asset; no distribution license assigned,Original synthesis seed 0x5249464657415645; no external samples; exact PCM SHA256 in audio/audio-metrics.csv,NEEDS_CREATIVE_REVIEW,build/reports/assets/asset-register.csv (packaged as reports/asset-register.csv)
audio/explosion.wav,mono-sfx,build/generated-resources/audio/explosion.wav,src/tools/java/game/wreckriff/tools/GenerateAudio.java,Original project asset; no distribution license assigned,Original synthesis seed 0x5249464657415645; no external samples; exact PCM SHA256 in audio/audio-metrics.csv,NEEDS_CREATIVE_REVIEW,build/reports/assets/asset-register.csv (packaged as reports/asset-register.csv)
audio/destroyed.wav,mono-sfx,build/generated-resources/audio/destroyed.wav,src/tools/java/game/wreckriff/tools/GenerateAudio.java,Original project asset; no distribution license assigned,Original synthesis seed 0x5249464657415645; no external samples; exact PCM SHA256 in audio/audio-metrics.csv,NEEDS_CREATIVE_REVIEW,build/reports/assets/asset-register.csv (packaged as reports/asset-register.csv)
audio/low-hp.wav,mono-sfx,build/generated-resources/audio/low-hp.wav,src/tools/java/game/wreckriff/tools/GenerateAudio.java,Original project asset; no distribution license assigned,Original synthesis seed 0x5249464657415645; no external samples; exact PCM SHA256 in audio/audio-metrics.csv,NEEDS_CREATIVE_REVIEW,build/reports/assets/asset-register.csv (packaged as reports/asset-register.csv)
audio/hazard-warning.wav,mono-sfx,build/generated-resources/audio/hazard-warning.wav,src/tools/java/game/wreckriff/tools/GenerateAudio.java,Original project asset; no distribution license assigned,Original synthesis seed 0x5249464657415645; no external samples; exact PCM SHA256 in audio/audio-metrics.csv,NEEDS_CREATIVE_REVIEW,build/reports/assets/asset-register.csv (packaged as reports/asset-register.csv)
audio/hazard-active.wav,mono-sfx,build/generated-resources/audio/hazard-active.wav,src/tools/java/game/wreckriff/tools/GenerateAudio.java,Original project asset; no distribution license assigned,Original synthesis seed 0x5249464657415645; no external samples; exact PCM SHA256 in audio/audio-metrics.csv,NEEDS_CREATIVE_REVIEW,build/reports/assets/asset-register.csv (packaged as reports/asset-register.csv)
audio/pickup-repair.wav,mono-sfx,build/generated-resources/audio/pickup-repair.wav,src/tools/java/game/wreckriff/tools/GenerateAudio.java,Original project asset; no distribution license assigned,Original synthesis seed 0x5249464657415645; no external samples; exact PCM SHA256 in audio/audio-metrics.csv,NEEDS_CREATIVE_REVIEW,build/reports/assets/asset-register.csv (packaged as reports/asset-register.csv)
audio/pickup-ammo.wav,mono-sfx,build/generated-resources/audio/pickup-ammo.wav,src/tools/java/game/wreckriff/tools/GenerateAudio.java,Original project asset; no distribution license assigned,Original synthesis seed 0x5249464657415645; no external samples; exact PCM SHA256 in audio/audio-metrics.csv,NEEDS_CREATIVE_REVIEW,build/reports/assets/asset-register.csv (packaged as reports/asset-register.csv)
audio/pickup-turbo.wav,mono-sfx,build/generated-resources/audio/pickup-turbo.wav,src/tools/java/game/wreckriff/tools/GenerateAudio.java,Original project asset; no distribution license assigned,Original synthesis seed 0x5249464657415645; no external samples; exact PCM SHA256 in audio/audio-metrics.csv,NEEDS_CREATIVE_REVIEW,build/reports/assets/asset-register.csv (packaged as reports/asset-register.csv)
audio/ui-nav.wav,mono-sfx,build/generated-resources/audio/ui-nav.wav,src/tools/java/game/wreckriff/tools/GenerateAudio.java,Original project asset; no distribution license assigned,Original synthesis seed 0x5249464657415645; no external samples; exact PCM SHA256 in audio/audio-metrics.csv,NEEDS_CREATIVE_REVIEW,build/reports/assets/asset-register.csv (packaged as reports/asset-register.csv)
audio/ui-confirm.wav,mono-sfx,build/generated-resources/audio/ui-confirm.wav,src/tools/java/game/wreckriff/tools/GenerateAudio.java,Original project asset; no distribution license assigned,Original synthesis seed 0x5249464657415645; no external samples; exact PCM SHA256 in audio/audio-metrics.csv,NEEDS_CREATIVE_REVIEW,build/reports/assets/asset-register.csv (packaged as reports/asset-register.csv)
audio/victory.wav,mono-sfx,build/generated-resources/audio/victory.wav,src/tools/java/game/wreckriff/tools/GenerateAudio.java,Original project asset; no distribution license assigned,Original synthesis seed 0x5249464657415645; no external samples; exact PCM SHA256 in audio/audio-metrics.csv,NEEDS_CREATIVE_REVIEW,build/reports/assets/asset-register.csv (packaged as reports/asset-register.csv)
audio/defeat.wav,mono-sfx,build/generated-resources/audio/defeat.wav,src/tools/java/game/wreckriff/tools/GenerateAudio.java,Original project asset; no distribution license assigned,Original synthesis seed 0x5249464657415645; no external samples; exact PCM SHA256 in audio/audio-metrics.csv,NEEDS_CREATIVE_REVIEW,build/reports/assets/asset-register.csv (packaged as reports/asset-register.csv)
audio/draw.wav,mono-sfx,build/generated-resources/audio/draw.wav,src/tools/java/game/wreckriff/tools/GenerateAudio.java,Original project asset; no distribution license assigned,Original synthesis seed 0x5249464657415645; no external samples; exact PCM SHA256 in audio/audio-metrics.csv,NEEDS_CREATIVE_REVIEW,build/reports/assets/asset-register.csv (packaged as reports/asset-register.csv)
audio/mine-place.wav,mono-sfx,build/generated-resources/audio/mine-place.wav,src/tools/java/game/wreckriff/tools/GenerateAudio.java,Original project asset; no distribution license assigned,Original synthesis seed 0x5249464657415645; no external samples; exact PCM SHA256 in audio/audio-metrics.csv,NEEDS_CREATIVE_REVIEW,build/reports/assets/asset-register.csv (packaged as reports/asset-register.csv)
audio/mine-detonate.wav,mono-sfx,build/generated-resources/audio/mine-detonate.wav,src/tools/java/game/wreckriff/tools/GenerateAudio.java,Original project asset; no distribution license assigned,Original synthesis seed 0x5249464657415645; no external samples; exact PCM SHA256 in audio/audio-metrics.csv,NEEDS_CREATIVE_REVIEW,build/reports/assets/asset-register.csv (packaged as reports/asset-register.csv)
audio/napalm-launch.wav,mono-sfx,build/generated-resources/audio/napalm-launch.wav,src/tools/java/game/wreckriff/tools/GenerateAudio.java,Original project asset; no distribution license assigned,Original synthesis seed 0x5249464657415645; no external samples; exact PCM SHA256 in audio/audio-metrics.csv,NEEDS_CREATIVE_REVIEW,build/reports/assets/asset-register.csv (packaged as reports/asset-register.csv)
audio/napalm-fire.wav,mono-sfx,build/generated-resources/audio/napalm-fire.wav,src/tools/java/game/wreckriff/tools/GenerateAudio.java,Original project asset; no distribution license assigned,Original synthesis seed 0x5249464657415645; no external samples; exact PCM SHA256 in audio/audio-metrics.csv,NEEDS_CREATIVE_REVIEW,build/reports/assets/asset-register.csv (packaged as reports/asset-register.csv)
audio/freeze.wav,mono-sfx,build/generated-resources/audio/freeze.wav,src/tools/java/game/wreckriff/tools/GenerateAudio.java,Original project asset; no distribution license assigned,Original synthesis seed 0x5249464657415645; no external samples; exact PCM SHA256 in audio/audio-metrics.csv,NEEDS_CREATIVE_REVIEW,build/reports/assets/asset-register.csv (packaged as reports/asset-register.csv)
audio/stun.wav,mono-sfx,build/generated-resources/audio/stun.wav,src/tools/java/game/wreckriff/tools/GenerateAudio.java,Original project asset; no distribution license assigned,Original synthesis seed 0x5249464657415645; no external samples; exact PCM SHA256 in audio/audio-metrics.csv,NEEDS_CREATIVE_REVIEW,build/reports/assets/asset-register.csv (packaged as reports/asset-register.csv)
audio/shield.wav,mono-sfx,build/generated-resources/audio/shield.wav,src/tools/java/game/wreckriff/tools/GenerateAudio.java,Original project asset; no distribution license assigned,Original synthesis seed 0x5249464657415645; no external samples; exact PCM SHA256 in audio/audio-metrics.csv,NEEDS_CREATIVE_REVIEW,build/reports/assets/asset-register.csv (packaged as reports/asset-register.csv)
audio/score.txt,audio-provenance,build/generated-resources/audio/score.txt,src/tools/java/game/wreckriff/tools/GenerateAudio.java,Project metadata; preserves required CC-BY-4.0 recording attribution,Recording credit and loop edit; original sound-design recipes,GENERATED,build/reports/assets/asset-register.csv (packaged as reports/asset-register.csv)
audio/audio-metrics.csv,verification,build/generated-resources/audio/audio-metrics.csv,src/tools/java/game/wreckriff/tools/GenerateAudio.java,Project metadata; preserves required CC-BY-4.0 recording attribution,Actual PCM frame count/peak/RMS/SHA256,GENERATED,build/reports/assets/asset-register.csv (packaged as reports/asset-register.csv)
audio/music-source.json,source-provenance,build/generated-resources/audio/music-source.json,src/tools/java/game/wreckriff/tools/GenerateAudio.java,Project metadata; preserves required CC-BY-4.0 recording attribution,Creator URL/license/MP3 and PCM SHA256,GENERATED,build/reports/assets/asset-register.csv (packaged as reports/asset-register.csv)
audio/music-provenance.json,derived-provenance,build/generated-resources/audio/music-provenance.json,src/tools/java/game/wreckriff/tools/GenerateAudio.java,Project metadata; preserves required CC-BY-4.0 recording attribution,Recorded source to edited game loop SHA256,GENERATED,build/reports/assets/asset-register.csv (packaged as reports/asset-register.csv)
Rivet-0..4,mesh,Java scene geometry,src/main/java/game/wreckriff/presentation/VehicleVisual.java,Original project asset,Original authored beveled coupe geometry and liveries; licensed Poly Haven paint/rubber/material maps listed separately; generated geometry counts are measured by verifyAssets,NEEDS_CREATIVE_REVIEW,build/reports/assets/asset-register.csv (packaged as reports/asset-register.csv)
CombatVisuals,mesh,Runtime batched geometry,src/main/java/game/wreckriff/presentation/CombatVisuals.java,Original project asset,Original authored rocket silhouettes and bounded procedural particles; no textures or recordings,NEEDS_CREATIVE_REVIEW,build/reports/assets/asset-register.csv (packaged as reports/asset-register.csv)
CombatParticles,material,src/main/resources/materials/CombatParticles.j3md,src/main/resources/materials/CombatParticles.vert + CombatParticles.frag,Original project asset,Original analytic radial alpha shader and camera-facing billboard geometry; no external textures,NEEDS_CREATIVE_REVIEW,build/reports/assets/asset-register.csv (packaged as reports/asset-register.csv)
ArenaFeedback,mesh,Runtime arena presentation,src/main/java/game/wreckriff/presentation/ArenaPresentation.java,Original project asset,Original tick-derived hazard indicators; material consumers use separately registered Poly Haven texture maps; real directional shadows owned by SceneLighting,NEEDS_CREATIVE_REVIEW,build/reports/assets/asset-register.csv (packaged as reports/asset-register.csv)
textures/materials/asphalt_02/diffuse.png,licensed-texture,src/tools/assets/materials/asphalt_02/diff.png,src/tools/import_assets.py,Rob Tuytel / Poly Haven; CC0-1.0,https://dl.polyhaven.org/file/ph-assets/Textures/png/2k/asphalt_02/asphalt_02_diff_2k.png; Unmodified 2K PNG; sRGB color; source and output SHA256 in licenses/asset-provenance.json,NEEDS_CREATIVE_REVIEW,build/reports/assets/asset-register.csv (packaged as reports/asset-register.csv)
textures/materials/asphalt_02/normal.png,licensed-texture,src/tools/assets/materials/asphalt_02/nor_gl.png,src/tools/import_assets.py,Rob Tuytel / Poly Haven; CC0-1.0,https://dl.polyhaven.org/file/ph-assets/Textures/png/2k/asphalt_02/asphalt_02_nor_gl_2k.png; 2K OpenGL normal vectors normalized per texel after source downsampling; RGB8 linear data PNG; color metadata removed; source and output SHA256 in licenses/asset-provenance.json,NEEDS_CREATIVE_REVIEW,build/reports/assets/asset-register.csv (packaged as reports/asset-register.csv)
textures/materials/asphalt_02/specular.png,licensed-texture,src/tools/assets/materials/asphalt_02/rough.png,src/tools/import_assets.py,Rob Tuytel / Poly Haven; CC0-1.0,https://dl.polyhaven.org/file/ph-assets/Textures/png/2k/asphalt_02/asphalt_02_rough_2k.png; Roughness linear -> RGB Phong strength: 0.025 + 0.22*(1-r)^2; PNG 2K; source and output SHA256 in licenses/asset-provenance.json,NEEDS_CREATIVE_REVIEW,build/reports/assets/asset-register.csv (packaged as reports/asset-register.csv)
textures/materials/cracked_concrete/diffuse.png,licensed-texture,src/tools/assets/materials/cracked_concrete/diff.png,src/tools/import_assets.py,Dimitrios Savva / Poly Haven; CC0-1.0,https://dl.polyhaven.org/file/ph-assets/Textures/png/2k/cracked_concrete/cracked_concrete_diff_2k.png; Unmodified 2K PNG; sRGB color; source and output SHA256 in licenses/asset-provenance.json,NEEDS_CREATIVE_REVIEW,build/reports/assets/asset-register.csv (packaged as reports/asset-register.csv)
textures/materials/cracked_concrete/normal.png,licensed-texture,src/tools/assets/materials/cracked_concrete/nor_gl.png,src/tools/import_assets.py,Dimitrios Savva / Poly Haven; CC0-1.0,https://dl.polyhaven.org/file/ph-assets/Textures/png/2k/cracked_concrete/cracked_concrete_nor_gl_2k.png; 2K OpenGL normal vectors normalized per texel after source downsampling; RGB8 linear data PNG; color metadata removed; source and output SHA256 in licenses/asset-provenance.json,NEEDS_CREATIVE_REVIEW,build/reports/assets/asset-register.csv (packaged as reports/asset-register.csv)
textures/materials/cracked_concrete/specular.png,licensed-texture,src/tools/assets/materials/cracked_concrete/rough.png,src/tools/import_assets.py,Dimitrios Savva / Poly Haven; CC0-1.0,https://dl.polyhaven.org/file/ph-assets/Textures/png/2k/cracked_concrete/cracked_concrete_rough_2k.png; Roughness linear -> RGB Phong strength: 0.025 + 0.22*(1-r)^2; PNG 2K; source and output SHA256 in licenses/asset-provenance.json,NEEDS_CREATIVE_REVIEW,build/reports/assets/asset-register.csv (packaged as reports/asset-register.csv)
textures/materials/metal_plate_02/diffuse.png,licensed-texture,src/tools/assets/materials/metal_plate_02/diff.png,src/tools/import_assets.py,Rob Tuytel / Poly Haven; CC0-1.0,https://dl.polyhaven.org/file/ph-assets/Textures/png/2k/metal_plate_02/metal_plate_02_diff_2k.png; Unmodified 2K PNG; sRGB color; source and output SHA256 in licenses/asset-provenance.json,NEEDS_CREATIVE_REVIEW,build/reports/assets/asset-register.csv (packaged as reports/asset-register.csv)
textures/materials/metal_plate_02/normal.png,licensed-texture,src/tools/assets/materials/metal_plate_02/nor_gl.png,src/tools/import_assets.py,Rob Tuytel / Poly Haven; CC0-1.0,https://dl.polyhaven.org/file/ph-assets/Textures/png/2k/metal_plate_02/metal_plate_02_nor_gl_2k.png; 2K OpenGL normal vectors normalized per texel after source downsampling; RGB8 linear data PNG; color metadata removed; source and output SHA256 in licenses/asset-provenance.json,NEEDS_CREATIVE_REVIEW,build/reports/assets/asset-register.csv (packaged as reports/asset-register.csv)
textures/materials/metal_plate_02/specular.png,licensed-texture,src/tools/assets/materials/metal_plate_02/rough.png,src/tools/import_assets.py,Rob Tuytel / Poly Haven; CC0-1.0,https://dl.polyhaven.org/file/ph-assets/Textures/png/2k/metal_plate_02/metal_plate_02_rough_2k.png; Roughness linear -> RGB Phong strength: 0.025 + 0.7*(1-r)^2; PNG 2K; source and output SHA256 in licenses/asset-provenance.json,NEEDS_CREATIVE_REVIEW,build/reports/assets/asset-register.csv (packaged as reports/asset-register.csv)
textures/materials/blue_metal_plate/diffuse.png,licensed-texture,src/tools/assets/materials/blue_metal_plate/diff.png,src/tools/import_assets.py,Rob Tuytel / Poly Haven; CC0-1.0,https://dl.polyhaven.org/file/ph-assets/Textures/png/2k/blue_metal_plate/blue_metal_plate_diff_2k.png; Unmodified 2K PNG; sRGB color; source and output SHA256 in licenses/asset-provenance.json,NEEDS_CREATIVE_REVIEW,build/reports/assets/asset-register.csv (packaged as reports/asset-register.csv)
textures/materials/blue_metal_plate/normal.png,licensed-texture,src/tools/assets/materials/blue_metal_plate/nor_gl.png,src/tools/import_assets.py,Rob Tuytel / Poly Haven; CC0-1.0,https://dl.polyhaven.org/file/ph-assets/Textures/png/2k/blue_metal_plate/blue_metal_plate_nor_gl_2k.png; 2K OpenGL normal vectors normalized per texel after source downsampling; RGB8 linear data PNG; color metadata removed; source and output SHA256 in licenses/asset-provenance.json,NEEDS_CREATIVE_REVIEW,build/reports/assets/asset-register.csv (packaged as reports/asset-register.csv)
textures/materials/blue_metal_plate/specular.png,licensed-texture,src/tools/assets/materials/blue_metal_plate/rough.png,src/tools/import_assets.py,Rob Tuytel / Poly Haven; CC0-1.0,https://dl.polyhaven.org/file/ph-assets/Textures/png/2k/blue_metal_plate/blue_metal_plate_rough_2k.png; Roughness linear -> RGB Phong strength: 0.025 + 0.7*(1-r)^2; PNG 2K; source and output SHA256 in licenses/asset-provenance.json,NEEDS_CREATIVE_REVIEW,build/reports/assets/asset-register.csv (packaged as reports/asset-register.csv)
textures/materials/rusty_metal_03/diffuse.png,licensed-texture,src/tools/assets/materials/rusty_metal_03/diff.png,src/tools/import_assets.py,Amal Kumar / Poly Haven; CC0-1.0,https://dl.polyhaven.org/file/ph-assets/Textures/png/2k/rusty_metal_03/rusty_metal_03_diff_2k.png; Unmodified 2K PNG; sRGB color; source and output SHA256 in licenses/asset-provenance.json,NEEDS_CREATIVE_REVIEW,build/reports/assets/asset-register.csv (packaged as reports/asset-register.csv)
textures/materials/rusty_metal_03/normal.png,licensed-texture,src/tools/assets/materials/rusty_metal_03/nor_gl.png,src/tools/import_assets.py,Amal Kumar / Poly Haven; CC0-1.0,https://dl.polyhaven.org/file/ph-assets/Textures/png/2k/rusty_metal_03/rusty_metal_03_nor_gl_2k.png; 2K OpenGL normal vectors normalized per texel after source downsampling; RGB8 linear data PNG; color metadata removed; source and output SHA256 in licenses/asset-provenance.json,NEEDS_CREATIVE_REVIEW,build/reports/assets/asset-register.csv (packaged as reports/asset-register.csv)
textures/materials/rusty_metal_03/specular.png,licensed-texture,src/tools/assets/materials/rusty_metal_03/rough.png,src/tools/import_assets.py,Amal Kumar / Poly Haven; CC0-1.0,https://dl.polyhaven.org/file/ph-assets/Textures/png/2k/rusty_metal_03/rusty_metal_03_rough_2k.png; Roughness linear -> RGB Phong strength: 0.025 + 0.22*(1-r)^2; PNG 2K; source and output SHA256 in licenses/asset-provenance.json,NEEDS_CREATIVE_REVIEW,build/reports/assets/asset-register.csv (packaged as reports/asset-register.csv)
textures/vehicle/paint.png,licensed-texture,src/tools/assets/materials/blue_metal_plate/diff.png,src/tools/import_assets.py,Rob Tuytel / Poly Haven; CC0-1.0,https://polyhaven.com/a/blue_metal_plate; Neutral livery diffuse: sRGB luma contrast centered at .58; renderer supplies paint tint; source and output SHA256 in licenses/asset-provenance.json,NEEDS_CREATIVE_REVIEW,build/reports/assets/asset-register.csv (packaged as reports/asset-register.csv)
textures/vehicle/rubber.png,licensed-texture,src/tools/assets/materials/blue_metal_plate/diff.png,src/tools/import_assets.py,Rob Tuytel / Poly Haven; CC0-1.0,https://polyhaven.com/a/blue_metal_plate; Neutral low-contrast grayscale derivative for rubber; renderer supplies dark tint; geometry owns tread; source and output SHA256 in licenses/asset-provenance.json,NEEDS_CREATIVE_REVIEW,build/reports/assets/asset-register.csv (packaged as reports/asset-register.csv)
fonts/wreck.fnt,bitmap-font,src/tools/assets/fonts/RobotoCondensed-Regular.ttf,src/tools/java/game/wreckriff/tools/GenerateFont.java,The Roboto Project Authors; OFL-1.1; retain copyright and OFL notice,Official Roboto 3.016 hinted static font; 48px 2x supersampling; ASCII/Cyrillic; fonts/font-provenance.json binds source/output SHA256,NEEDS_CREATIVE_REVIEW,build/reports/assets/asset-register.csv (packaged as reports/asset-register.csv)
fonts/wreck.png,font-atlas,src/tools/assets/fonts/RobotoCondensed-Regular.ttf,src/tools/java/game/wreckriff/tools/GenerateFont.java,The Roboto Project Authors; OFL-1.1; retain copyright and OFL notice,Official Roboto 3.016 hinted static font; 48px 2x supersampling; ASCII/Cyrillic; fonts/font-provenance.json binds source/output SHA256,NEEDS_CREATIVE_REVIEW,build/reports/assets/asset-register.csv (packaged as reports/asset-register.csv)
fonts/wreck-bold.fnt,bitmap-font,src/tools/assets/fonts/RobotoCondensed-Bold.ttf,src/tools/java/game/wreckriff/tools/GenerateFont.java,The Roboto Project Authors; OFL-1.1; retain copyright and OFL notice,Official Roboto 3.016 hinted static font; 48px 2x supersampling; ASCII/Cyrillic; fonts/font-provenance.json binds source/output SHA256,NEEDS_CREATIVE_REVIEW,build/reports/assets/asset-register.csv (packaged as reports/asset-register.csv)
fonts/wreck-bold.png,font-atlas,src/tools/assets/fonts/RobotoCondensed-Bold.ttf,src/tools/java/game/wreckriff/tools/GenerateFont.java,The Roboto Project Authors; OFL-1.1; retain copyright and OFL notice,Official Roboto 3.016 hinted static font; 48px 2x supersampling; ASCII/Cyrillic; fonts/font-provenance.json binds source/output SHA256,NEEDS_CREATIVE_REVIEW,build/reports/assets/asset-register.csv (packaged as reports/asset-register.csv)
fonts/font-provenance.json,font-provenance,build/generated-resources/fonts/font-provenance.json,src/tools/java/game/wreckriff/tools/GenerateFont.java,Project metadata; preserves OFL-1.1 font provenance,Exact official source URL; actual local TTF and generated atlas/descriptor hashes,GENERATED,build/reports/assets/asset-register.csv (packaged as reports/asset-register.csv)
docs/asset-history/GenerateAudio-v0.1.java.txt,historical-source,docs/asset-history/GenerateAudio-v0.1.java.txt,Historical recipe only; not compiled or packaged,Original project source; no distribution license assigned,Preserves superseded original procedural score/5x7 font provenance; absent from runtime,HISTORICAL_NOT_RUNTIME,build/reports/assets/asset-register.csv (packaged as reports/asset-register.csv)
docs/asset-history/GenerateFont-v0.1.java.txt,historical-source,docs/asset-history/GenerateFont-v0.1.java.txt,Historical recipe only; not compiled or packaged,Original project source; no distribution license assigned,Preserves superseded original procedural score/5x7 font provenance; absent from runtime,HISTORICAL_NOT_RUNTIME,build/reports/assets/asset-register.csv (packaged as reports/asset-register.csv)
